City_ID,City,Lat,Lng,Max Temp,Humidity,Cloudiness,Wind Speed,Country,Date
0,ahipara,-35.1667,173.1667,294.39,55,0,3.53,NZ,1678237878
1,nanortalik,60.1432,-45.2371,270.93,81,100,2.96,GL,1678237879
2,chapais,49.7834,-74.8492,264.03,94,100,5.14,CA,1678237879
3,port elizabeth,-33.918,25.5701,294.99,88,2,1.79,ZA,1678237611
4,kavaratti,10.5669,72.642,300.56,67,4,2.1,IN,1678237881
5,bredasdorp,-34.5322,20.0403,290.6,89,100,2.53,ZA,1678237881
6,ishigaki,24.3448,124.1572,293.8,61,100,4.48,JP,1678237882
7,tuktoyaktuk,69.4541,-133.0374,252.35,87,19,7.52,CA,1678237882
8,jamestown,42.097,-79.2353,273.92,54,0,6.69,US,1678237883
9,mataura,-46.1927,168.8643,296.19,38,0,2.46,NZ,1678237883
10,adeje,28.1227,-16.726,289.87,71,20,3.09,ES,1678237884
11,kapaa,22.0752,-159.319,300.33,62,0,10.8,US,1678237885
12,hervey bay,-25.2986,152.8535,300.22,67,30,5.55,AU,1678237688
13,marystown,47.1666,-55.1483,275.08,97,100,9.97,CA,1678237885
14,korla,41.7597,86.1469,279.94,51,0,1.51,CN,1678237887
15,rikitea,-23.1203,-134.9692,299.24,81,100,10.66,PF,1678237887
16,lidzbark warminski,54.1259,20.5795,272.76,81,36,8.41,PL,1678237888
17,hermanus,-34.4187,19.2345,292.04,83,98,2.85,ZA,1678237888
18,hithadhoo,-0.6,73.0833,301.19,74,25,5.18,MV,1678237889
19,buchanan,5.8808,-10.0467,299.75,88,100,3.0,LR,1678237889
20,albany,42.6001,-73.9662,271.44,62,80,3.58,US,1678237890
21,talnakh,69.4865,88.3972,241.04,96,100,1.49,RU,1678237890
22,amur,54.0,128.0,263.57,69,8,1.43,RU,1678237891
23,upernavik,72.7868,-56.1549,258.35,95,56,3.03,GL,1678237891
24,butaritari,3.0707,172.7902,300.79,72,100,5.51,KI,1678237892
25,punta arenas,-53.15,-70.9167,280.21,65,40,3.09,CL,1678237648
26,norman wells,65.282,-126.8329,255.6,92,23,3.11,CA,1678237893
27,torbay,47.6666,-52.7314,274.58,96,100,7.2,CA,1678237893
28,wajir,1.7471,40.0573,298.34,66,93,5.94,KE,1678237894
29,port alfred,-33.5906,26.891,294.92,91,13,1.79,ZA,1678237894
30,ust-kuyga,70.0167,135.6,244.29,100,100,2.01,RU,1678237894
31,katsuura,35.1333,140.3,289.76,55,0,6.16,JP,1678237895
32,zhob,31.3411,69.4481,286.45,56,0,0.48,PK,1678237702
33,krasnovishersk,60.4078,57.082,262.9,97,100,1.13,RU,1678237896
34,vila franca do campo,37.7167,-25.4333,289.38,87,100,8.35,PT,1678237896
35,anadyr,64.75,177.4833,245.43,69,0,4.0,RU,1678237897
36,yenagoa,4.9247,6.2642,298.57,90,98,1.85,NG,1678237897
37,nikolskoye,59.7035,30.7861,266.37,95,100,3.41,RU,1678237898
38,tasiilaq,65.6145,-37.6368,264.24,93,88,2.48,GL,1678237898
39,evensk,61.95,159.2333,259.39,92,100,2.29,RU,1678237899
40,khatanga,71.9667,102.5,235.62,100,96,1.8,RU,1678237899
41,flin flon,54.7682,-101.865,253.64,98,100,1.51,CA,1678237899
42,ushuaia,-54.8,-68.3,276.8,85,18,5.48,AR,1678237900
43,huarmey,-10.0681,-78.1522,297.23,79,100,2.08,PE,1678237900
44,ponta do sol,32.6667,-17.1,293.15,80,26,2.61,PT,1678237901
45,havre-saint-pierre,50.2334,-63.5986,275.88,80,100,9.22,CA,1678237902
46,kokopo,-4.352,152.2633,300.4,74,100,3.39,PG,1678237902
47,hilo,19.7297,-155.09,300.9,81,100,4.12,US,1678237885
48,lata,40.1629,-8.3327,288.1,97,100,3.13,PT,1678237903
49,cabo san lucas,22.8909,-109.9124,298.32,41,40,4.63,MX,1678237809
50,siparia,10.1333,-61.5,298.61,82,100,4.54,TT,1678237904
51,cherskiy,68.75,161.3,244.4,90,93,1.21,RU,1678237904
52,mogadishu,2.0371,45.3438,298.81,88,73,7.03,SO,1678237905
53,mana,5.6592,-53.7767,297.89,86,98,4.57,GF,1678237905
54,ocampo,21.65,-101.5,294.13,17,100,3.04,MX,1678237905
55,mount darwin,-16.7725,31.5838,291.96,91,94,1.54,ZW,1678237906
56,arraial do cabo,-22.9661,-42.0278,297.77,89,100,10.33,BR,1678237765
57,new norfolk,-42.7826,147.0587,286.87,71,100,3.58,AU,1678237907
58,koeru,58.9631,26.0308,268.58,94,100,5.96,EE,1678237907
59,camana,-16.6228,-72.7111,297.37,81,100,1.82,PE,1678237908
60,pouembout,-21.1333,164.9,303.07,53,7,2.42,NC,1678237908
61,ucluelet,48.9329,-125.5528,280.42,82,29,2.09,CA,1678237909
62,dickinson,29.4608,-95.0513,297.67,89,75,5.66,US,1678237909
63,sept-iles,50.2001,-66.3821,277.44,95,100,1.54,CA,1678237910
64,saint-joseph,-21.3667,55.6167,296.74,84,94,5.35,RE,1678237910
65,port said,31.2565,32.2841,289.07,65,12,3.37,EG,1678237910
66,kununurra,-15.7667,128.7333,305.14,62,79,2.06,AU,1678237911
67,timizart,36.8,4.2667,284.57,87,8,2.62,DZ,1678237911
68,hobart,-42.8794,147.3294,287.07,67,40,7.72,AU,1678237696
69,padang,-0.9492,100.3543,298.18,81,8,1.74,ID,1678237912
70,meulaboh,4.1363,96.1285,298.11,86,76,1.47,ID,1678237912
71,mount gambier,-37.8333,140.7667,287.3,52,100,5.22,AU,1678237671
72,chuy,-33.6971,-53.4616,295.43,94,59,2.05,UY,1678237829
73,sokol,59.4617,40.1206,258.11,99,95,1.26,RU,1678237913
74,tamandare,-8.7597,-35.1047,299.57,79,100,3.5,BR,1678237914
75,los llanos de aridane,28.6585,-17.9182,288.01,84,0,3.6,ES,1678237914
76,pochutla,15.7432,-96.4661,297.91,74,100,1.62,MX,1678237915
77,morehead,37.2711,-87.1764,284.26,56,0,3.6,US,1678237915
78,acarau,-2.8856,-40.12,299.36,81,18,5.48,BR,1678237915
79,leningradskiy,69.3833,178.4167,245.11,93,6,0.21,RU,1678237916
80,mar del plata,-38.0023,-57.5575,297.09,94,60,1.34,AR,1678237916
81,barrow,71.2906,-156.7887,269.16,86,20,4.63,US,1678237917
82,atuona,-9.8,-139.0333,299.72,77,3,4.39,PF,1678237805
83,partur,19.6,76.2167,294.17,44,0,2.11,IN,1678237917
84,busselton,-33.65,115.3333,292.64,48,100,6.02,AU,1678237918
85,esperance,-33.8667,121.9,291.95,66,100,3.21,AU,1678237918
86,novogurovskiy,54.4678,37.3428,263.23,100,100,1.37,RU,1678237919
87,ilulissat,69.2167,-51.1,271.16,37,41,16.98,GL,1678237919
88,margate,51.3813,1.3862,278.09,91,100,0.45,GB,1678237664
89,camacha,33.0833,-16.3333,288.83,94,20,1.03,PT,1678237920
90,aswan,24.0934,32.907,291.02,24,0,5.86,EG,1678237921
91,bluff,-46.6,168.3333,296.37,68,0,1.51,NZ,1678237854
92,antofagasta,-23.65,-70.4,297.75,72,76,1.68,CL,1678237922
93,cairns,-16.9167,145.7667,304.88,80,39,3.6,AU,1678237922
94,pisco,-13.7,-76.2167,297.18,83,0,3.6,PE,1678237923
95,mahebourg,-20.4081,57.7,297.18,81,62,6.16,MU,1678237924
96,cape town,-33.9258,18.4232,293.36,80,5,4.92,ZA,1678237720
97,tezu,27.9167,96.1667,293.97,34,2,1.32,IN,1678237924
98,srikakulam,18.3,83.9,296.7,66,100,1.6,IN,1678237925
99,bethel,41.3712,-73.414,274.68,57,20,8.23,US,1678237925
100,porbandar,21.6422,69.6093,296.05,62,0,3.58,IN,1678237926
101,olafsvik,64.8945,-23.7142,267.25,67,100,15.14,IS,1678237926
102,avarua,-21.2078,-159.775,300.18,89,75,5.14,CK,1678237927
103,qaanaaq,77.484,-69.3632,258.76,91,78,2.15,GL,1678237927
104,ayan,56.45,138.1667,262.36,72,100,0.61,RU,1678237928
105,eyl,7.9803,49.8164,296.86,81,34,4.75,SO,1678237928
106,hamilton,39.1834,-84.5333,280.06,42,0,6.69,US,1678237795
107,trinidad,-14.8333,-64.9,297.13,96,23,1.87,BO,1678237929
108,kahului,20.8947,-156.47,300.35,63,40,12.86,US,1678237929
109,genhe,50.7833,121.5167,262.15,87,100,1.51,CN,1678237930
110,nizhnevartovsk,60.9344,76.5531,249.27,84,0,2.0,RU,1678237874
111,pingliang,35.5392,106.6861,284.38,29,10,1.19,CN,1678237930
112,fare,-16.7,-151.0167,301.29,71,37,5.14,PF,1678237931
113,boyuibe,-20.4167,-63.2833,294.67,96,100,1.33,BO,1678237875
114,pacific grove,36.6177,-121.9166,284.83,66,6,3.13,US,1678237932
115,lenger,42.183,69.8839,282.84,43,100,1.19,KZ,1678237932
116,caravelas,-17.7125,-39.2481,297.79,87,4,1.79,BR,1678237933
117,ternate,0.8,127.4,301.09,73,9,1.78,ID,1678237933
118,beringovskiy,63.05,179.3167,253.85,83,70,0.2,RU,1678237933
119,moindou,-21.6924,165.677,301.41,55,3,2.16,NC,1678237934
120,victor harbor,-35.5667,138.6167,289.64,65,89,5.45,AU,1678237934
121,dharmadam,11.7833,75.4333,296.87,47,94,2.51,IN,1678237935
122,havoysund,70.9963,24.6622,266.28,78,94,4.76,NO,1678237935
123,arumbavur,11.3833,78.7333,293.0,92,16,1.63,IN,1678237936
124,buala,-8.145,159.5921,301.94,74,93,0.92,SB,1678237936
125,lompoc,34.6391,-120.4579,286.36,66,75,8.23,US,1678237822
126,half moon bay,37.4636,-122.4286,285.62,62,0,4.12,US,1678237937
127,ca mau,9.1769,105.15,298.97,67,6,3.67,VN,1678237938
128,ontario,34.0633,-117.6509,289.14,53,0,6.26,US,1678237938
129,bahar,34.9072,48.4414,280.8,76,100,0.91,IR,1678237939
130,saint-philippe,-21.3585,55.7679,298.32,86,89,5.08,RE,1678237939
131,mandalgovi,45.7625,106.2708,274.06,36,22,8.0,MN,1678237940
132,solnechnyy,50.7214,136.6319,266.32,75,16,2.85,RU,1678237940
133,chokurdakh,70.6333,147.9167,238.54,99,64,0.82,RU,1678237941
134,husavik,66.0449,-17.3389,265.75,89,100,8.28,IS,1678237941
135,nabire,-3.3667,135.4833,302.65,62,100,0.94,ID,1678237942
136,inuvik,68.3499,-133.7218,254.32,86,18,7.09,CA,1678237942
137,iguape,-24.7081,-47.5553,298.23,81,10,2.5,BR,1678237849
138,castro,-24.7911,-50.0119,290.71,87,23,2.55,BR,1678237943
139,longyearbyen,78.2186,15.6401,260.06,66,40,9.26,SJ,1678237944
140,mollendo,-17.0231,-72.0147,297.16,78,37,1.83,PE,1678237944
141,kruisfontein,-34.0033,24.7314,293.64,95,0,1.16,ZA,1678237945
142,bambous virieux,-20.3428,57.7575,297.16,81,64,6.26,MU,1678237945
143,bubaque,11.2833,-15.8333,297.96,70,100,6.48,GW,1678237945
144,iqaluit,63.7506,-68.5145,265.76,92,10,4.47,CA,1678237946
145,praia,14.9215,-23.5087,295.76,73,1,5.2,CV,1678237946
146,saldanha,-33.0117,17.9442,289.64,91,1,6.06,ZA,1678237947
147,balkanabat,39.5108,54.3671,280.85,90,10,0.8,TM,1678237755
148,koulamoutou,-1.1303,12.4736,295.71,98,100,1.28,GA,1678237948
149,tomislavgrad,43.7181,17.2267,276.93,98,100,3.84,BA,1678237948
150,sarangani,5.4033,125.4636,300.33,75,2,1.39,PH,1678237949
151,vestmannaeyjar,63.4427,-20.2734,268.22,56,9,7.38,IS,1678237949
152,kaitangata,-46.2817,169.8464,296.17,53,100,2.45,NZ,1678237950
153,touros,-5.1989,-35.4608,299.73,79,80,6.79,BR,1678237950
154,port hawkesbury,45.6169,-61.3485,273.25,85,100,4.47,CA,1678237924
155,sao joao da barra,-21.6403,-41.0511,298.52,85,100,8.34,BR,1678237951
156,jieshi,22.8134,115.8257,291.94,78,7,2.34,CN,1678237951
157,saint-michel-des-saints,46.6834,-73.9159,267.0,91,100,4.51,CA,1678237952
158,souillac,-20.5167,57.5167,298.63,84,79,5.76,MU,1678237952
159,narsaq,60.9167,-46.05,275.27,71,92,3.92,GL,1678237953
160,prestea,5.4327,-2.1428,296.83,93,65,1.39,GH,1678237953
161,victoria,22.2855,114.1577,295.18,84,40,2.68,HK,1678237954
162,namatanai,-3.6667,152.4333,300.26,80,100,2.35,PG,1678237954
163,poum,-20.2333,164.0167,300.64,68,4,8.56,NC,1678237955
164,srednekolymsk,67.45,153.6833,245.17,89,100,2.92,RU,1678237955
165,san juan,-31.5375,-68.5364,302.17,36,0,4.06,AR,1678237779
166,abu kamal,34.4506,40.9171,288.41,39,100,2.11,SY,1678237956
167,sabzevar,36.2126,57.6819,284.92,65,14,2.09,IR,1678237957
168,vaini,-21.2,-175.2,302.24,61,20,4.63,TO,1678237957
169,port hardy,50.6996,-127.4199,279.54,78,29,4.48,CA,1678237957
170,klaksvik,62.2266,-6.589,270.66,54,100,10.83,FO,1678237958
171,morden,49.1919,-98.1014,260.06,94,100,3.59,CA,1678237958
172,bayir,37.2687,28.2167,278.44,83,23,1.29,TR,1678237959
173,cam ranh,11.9214,109.1591,296.13,64,20,3.09,VN,1678237959
174,coahuayana,18.7333,-103.6833,295.83,79,35,2.02,MX,1678237960
175,raudeberg,61.9875,5.1352,269.79,59,83,3.32,NO,1678237960
176,geraldton,-28.7667,114.6,298.38,69,40,1.54,AU,1678237961
177,samarai,-10.6167,150.6667,302.56,68,3,2.42,PG,1678237961
178,hobyo,5.3505,48.5268,299.17,73,61,6.2,SO,1678237961
179,sur,22.5667,59.5289,297.43,47,0,3.24,OM,1678237962
180,puerto ayora,-0.7393,-90.3518,297.9,95,100,2.68,EC,1678237962
181,tuy hoa,13.0833,109.3,295.19,78,93,2.66,VN,1678237963
182,fayaoue,-20.65,166.5333,299.63,62,12,6.51,NC,1678237963
183,baykit,61.67,96.37,257.6,100,98,1.13,RU,1678237964
184,san estanislao,10.3983,-75.1511,299.09,75,75,4.32,CO,1678237964
185,kiunga,-6.1219,141.2906,304.39,55,98,1.95,PG,1678237965
186,tarakan,3.3,117.6333,301.87,74,40,3.09,ID,1678237965
187,tiksi,71.6872,128.8694,249.19,94,100,2.57,RU,1678237965
188,rio gallegos,-51.6226,-69.2181,282.66,68,49,7.95,AR,1678237966
189,constitucion,-35.3333,-72.4167,287.11,95,100,0.31,CL,1678237966
190,faya,18.3851,42.4509,286.44,63,23,1.0,SA,1678237967
191,kodiak,57.79,-152.4072,281.88,66,0,9.26,US,1678237967
192,kualakapuas,-3.0091,114.3876,300.37,81,98,0.32,ID,1678237968
193,chiredzi,-21.05,31.6667,292.0,94,2,1.6,ZW,1678237968
194,buraydah,26.326,43.975,292.78,46,100,6.14,SA,1678237967
195,nelson bay,-32.7167,152.15,302.64,34,39,1.34,AU,1678237969
196,tecoanapa,16.5167,-98.75,298.83,77,0,4.08,MX,1678237970
197,yankton,42.8711,-97.3973,272.66,93,100,2.57,US,1678237970
198,yining,29.0361,114.5636,290.26,82,100,0.31,CN,1678237971
199,salalah,17.0151,54.0924,296.2,35,0,2.06,OM,1678237971
200,avera,33.194,-82.5271,293.88,45,0,4.59,US,1678237753
201,north platte,41.1239,-100.7654,272.09,90,100,2.06,US,1678237972
202,sarahan,31.5167,77.8,277.19,39,2,4.2,IN,1678237972
203,shelburne,44.0787,-80.2041,272.11,62,6,9.49,CA,1678237853
204,cumana,10.4635,-64.1775,297.35,88,100,3.93,VE,1678237973
205,kijang,35.2442,129.2139,290.0,52,74,6.25,KR,1678237974
206,verkhnyaya inta,65.9811,60.3094,246.77,89,23,3.51,RU,1678237974
207,coos bay,43.3665,-124.2179,279.78,89,100,4.12,US,1678237975
208,saint anthony,45.0205,-93.218,276.03,62,20,2.57,US,1678237975
209,ngozi,-2.9075,29.8306,286.99,87,47,1.04,BI,1678237976
210,carnarvon,-24.8667,113.6333,301.78,56,0,6.61,AU,1678237976
211,fortuna,40.5982,-124.1573,279.78,91,75,5.14,US,1678237976
212,dikson,73.5069,80.5464,234.75,100,38,2.33,RU,1678237977
213,fairbanks,64.8378,-147.7164,276.13,73,75,0.0,US,1678237800
214,lima,-12.0432,-77.0282,299.76,73,40,3.6,PE,1678237430
215,vardo,70.3705,31.1107,262.14,73,46,6.69,NO,1678237978
216,axim,4.8699,-2.2405,299.21,88,84,4.0,GH,1678237978
217,cesvaine,56.9667,26.3167,271.08,97,100,5.28,LV,1678237979
218,san quintin,30.4833,-115.95,286.47,68,87,9.79,MX,1678237979
219,guerrero negro,27.9769,-114.0611,287.89,67,5,9.37,MX,1678237979
220,usinsk,65.9939,57.5281,248.34,88,96,4.91,RU,1678237980
221,kupang,-10.1667,123.5833,302.47,84,40,2.57,ID,1678237980
222,coxim,-18.5067,-54.76,297.77,89,100,2.06,BR,1678237981
223,nanchong,30.7951,106.0847,288.8,84,100,1.24,CN,1678237981
224,portland,45.5234,-122.6762,281.95,74,75,4.63,US,1678237912
225,ziro,27.6333,93.8333,281.88,87,44,1.02,IN,1678237982
226,komsomolskiy,40.4272,71.7189,280.55,76,100,2.06,UZ,1678237982
227,rio grande,-32.035,-52.0986,296.54,92,5,2.26,BR,1678237983
228,vila velha,-20.3297,-40.2925,298.12,91,20,1.54,BR,1678237983
229,lebu,-37.6167,-73.65,288.45,97,100,4.23,CL,1678237984
230,kavieng,-2.5744,150.7967,299.2,82,100,1.09,PG,1678237984
231,puerto carreno,6.189,-67.4859,303.14,53,98,2.03,CO,1678237985
232,pemba,-12.974,40.5178,297.72,85,100,5.21,MZ,1678237985
233,palmer,42.1584,-72.3287,272.83,55,75,6.69,US,1678237986
234,coolum beach,-26.5333,153.1,303.77,70,95,3.41,AU,1678237986
235,yulara,-25.2406,130.9889,298.39,26,0,6.38,AU,1678237987
236,gravdal,68.1214,13.5031,267.48,52,37,4.9,NO,1678237987
237,safita,34.8205,36.1153,283.24,69,100,1.91,SY,1678237988
238,hearst,49.6835,-83.6665,263.95,97,95,2.07,CA,1678237989
239,sakakah,29.9697,40.2064,286.88,73,28,3.85,SA,1678237845
240,lavrentiya,65.5833,-171.0,260.8,91,100,0.45,RU,1678237989
241,kabompo,-13.5927,24.2008,292.67,87,100,1.51,ZM,1678237990
242,provideniya,64.3833,-173.3,263.98,92,86,0.82,RU,1678237990
243,yellowknife,62.456,-114.3525,257.35,65,100,4.92,CA,1678237991
244,sibay,52.7181,58.6658,260.44,90,22,3.84,RU,1678237991
245,lubao,14.9167,120.55,299.29,63,0,3.28,PH,1678237992
246,azua,18.4532,-70.7349,295.4,81,1,1.62,DO,1678237992
247,san jeronimo,-11.9472,-75.2829,283.84,79,90,1.6,PE,1678237993
248,te anau,-45.4167,167.7167,295.57,41,0,3.51,NZ,1678237993
249,miraflores,19.2167,-98.8083,297.52,35,0,0.84,MX,1678237994
250,shimoda,34.6667,138.95,292.1,44,0,4.52,JP,1678237994
251,olecko,54.0337,22.507,272.82,87,100,6.61,PL,1678237995
252,airai,-8.9266,125.4092,294.46,67,100,0.93,TL,1678237995
253,khash,28.2211,61.2158,288.59,33,34,1.71,IR,1678237996
254,mangochi,-14.4782,35.2645,294.31,93,98,2.46,MW,1678237997
255,atar,20.5169,-13.0499,298.19,13,0,3.84,MR,1678237997
256,chunhuhub,19.55,-88.6833,298.65,54,97,2.28,MX,1678237999
257,nome,64.5011,-165.4064,273.8,100,100,9.26,US,1678237999
258,saint george,37.1041,-113.5841,287.56,35,1,2.68,US,1678237861
259,daru,-9.0763,143.2092,303.58,62,82,6.6,PG,1678238000
260,karatu,-3.3333,35.6667,289.34,76,4,2.15,TZ,1678238000
261,severo-kurilsk,50.6789,156.125,273.48,93,92,4.34,RU,1678238001
262,liverpool,53.4106,-2.9779,272.75,83,0,2.06,GB,1678237907
263,port moresby,-9.4431,147.1797,303.36,61,22,4.11,PG,1678238002
264,ormara,25.2088,64.6357,296.65,75,0,1.86,PK,1678238002
265,kabanjahe,3.1001,98.4908,291.56,88,11,0.92,ID,1678238003
266,luderitz,-26.6481,15.1594,288.76,85,0,3.0,,1678238003
267,paamiut,61.994,-49.6678,270.48,93,99,6.4,GL,1678238004
268,usatove,46.533,30.6596,279.31,77,21,3.59,UA,1678238004
269,katobu,-4.9408,122.5276,297.06,94,100,1.46,ID,1678238005
270,maiquetia,10.5962,-66.9548,303.23,70,75,3.09,VE,1678238005
271,uvira,-3.4067,29.1458,296.38,75,77,1.54,CD,1678238006
272,mayumba,-3.432,10.6554,299.43,84,100,2.53,GA,1678238006
273,arawa,-6.2132,155.5367,300.55,79,100,1.35,PG,1678238007
274,manado,1.487,124.8455,302.58,79,40,1.54,ID,1678237940
275,grindavik,63.8424,-22.4338,266.41,58,40,10.8,IS,1678238007
276,lugovoy,42.9472,72.7644,285.94,28,100,4.92,KZ,1678238008
277,corralillo,22.9819,-80.5856,297.13,67,5,3.59,CU,1678238008
278,ribeira grande,38.5167,-28.7,289.69,81,48,10.28,PT,1678238009
279,suluq,31.6682,20.2521,288.87,38,88,1.06,LY,1678238009
280,khorixas,-20.3667,14.9667,290.53,42,2,0.42,,1678238010
281,najran,17.4924,44.1277,291.14,30,100,1.19,SA,1678238010
282,mujiayingzi,42.1167,118.7833,274.58,38,0,1.21,CN,1678238011
283,hovd,48.0056,91.6419,274.79,24,100,4.28,MN,1678238011
284,marstal,54.8562,10.5173,272.1,53,6,4.76,DK,1678238012
285,donskoye,45.4552,41.9741,279.05,69,100,4.43,RU,1678238012
286,toppenish,46.3774,-120.3087,282.15,57,72,3.5,US,1678238013
287,ketchikan,55.3422,-131.6461,273.14,49,100,1.91,US,1678238013
288,marzuq,14.4,46.4667,289.26,35,3,2.82,YE,1678238014
289,pevek,69.7008,170.3133,243.28,92,9,0.41,RU,1678238014
290,san cristobal,7.7669,-72.225,296.25,78,100,0.09,VE,1678238014
291,ephrata,40.1798,-76.1788,277.97,69,70,9.0,US,1678237736
292,zhigansk,66.7697,123.3711,242.27,100,100,3.98,RU,1678238015
293,portoferraio,42.8115,10.3146,286.8,74,65,3.07,IT,1678238015
294,shieli,44.1667,66.75,279.81,85,100,5.33,KZ,1678238016
295,karabulak,43.3036,44.8964,270.7,67,96,0.9,RU,1678238016
296,lakatoro,-16.0999,167.4164,301.38,76,86,2.31,VU,1678238017
297,harper,4.375,-7.7169,299.79,85,97,3.56,LR,1678238017
298,gazanjyk,39.2446,55.5154,282.33,82,12,2.6,TM,1678238017
299,fort nelson,58.8053,-122.7002,259.79,72,100,1.34,CA,1678238018
300,oktyabrskoye,43.0645,44.7417,269.23,93,100,3.0,RU,1678238018
301,rosarito,32.3333,-117.0333,287.73,60,0,6.39,MX,1678238019
302,guanambi,-14.2233,-42.7814,300.48,49,97,6.57,BR,1678237798
303,goure,13.9835,10.2704,299.52,11,39,2.64,NE,1678238019
304,rokytne,51.2796,27.214,274.61,79,100,5.09,UA,1678238020
305,caluquembe,-13.7833,14.6833,291.0,78,100,1.46,AO,1678238020
306,iquique,-20.2208,-70.1431,297.17,73,4,0.67,CL,1678237940
307,east london,-33.0153,27.9116,295.1,90,91,6.39,ZA,1678238021
308,cayenne,4.9333,-52.3333,299.17,83,75,1.54,GF,1678238022
309,maragogi,-9.0122,-35.2225,299.37,80,100,4.08,BR,1678237957
310,ostrovnoy,68.0531,39.5131,254.98,97,97,2.65,RU,1678238022
311,bengkulu,-3.8004,102.2655,298.64,80,10,1.42,ID,1678238023
312,bathsheba,13.2167,-59.5167,299.49,73,40,5.66,BB,1678238023
313,halifax,44.6453,-63.5724,273.83,83,100,7.15,CA,1678237743
314,ayia marina,37.75,23.5333,286.11,76,2,2.12,GR,1678238024
315,price,39.5994,-110.8107,276.74,38,0,1.54,US,1678238024
316,port blair,11.6667,92.75,299.84,69,2,4.79,IN,1678238025
317,pangai,-19.8,-174.35,299.94,62,48,6.5,TO,1678238025
318,bonthe,7.5264,-12.505,298.29,80,100,0.69,SL,1678238026
319,deputatskiy,69.3,139.9,243.84,100,82,0.79,RU,1678238026
320,faanui,-16.4833,-151.75,301.49,69,88,4.97,PF,1678238026
321,saquena,-4.6667,-73.5167,296.71,91,100,0.94,PE,1678238027
322,sola,-13.8833,167.55,300.86,71,97,1.93,VU,1678238027
323,amapa,1.0,-52.0,295.02,99,100,1.02,BR,1678237795
324,wiwili,13.6268,-85.8254,294.5,75,17,1.73,NI,1678238028
325,petauke,-14.2426,31.3253,290.72,97,100,2.4,ZM,1678238029
326,tongliao,43.6125,122.2653,273.87,50,0,2.78,CN,1678238029
327,nuuk,64.1835,-51.7216,267.49,90,17,4.11,GL,1678238029
328,raga,8.4596,25.678,300.5,40,52,1.11,SS,1678238030
329,teguise,29.0605,-13.564,289.27,77,20,2.06,ES,1678238030
330,shenjiamen,29.9576,122.298,286.24,82,43,7.07,CN,1678238031
331,clyde river,70.4692,-68.5914,255.7,96,99,3.2,CA,1678238031
332,saiha,22.4833,92.9667,290.43,48,100,1.53,IN,1678238031
333,san angelo,31.4638,-100.437,299.56,50,93,4.02,US,1678238032
334,zhaotong,27.3167,103.7167,281.02,85,100,1.18,CN,1678237973
335,sitka,57.0531,-135.33,275.09,21,0,8.23,US,1678238032
336,alta floresta,-9.8756,-56.0861,295.61,97,100,0.82,BR,1678238033
337,chato,-2.6378,31.7669,292.15,77,26,2.36,TZ,1678237764
338,college,64.8569,-147.8028,276.12,73,75,0.0,US,1678238034
339,port macquarie,-31.4333,152.9167,299.84,55,94,1.53,AU,1678238034
340,dudinka,69.4058,86.1778,241.27,93,100,5.39,RU,1678238034
341,byron bay,-28.65,153.6167,303.25,52,100,4.57,AU,1678238035
342,laguna,38.421,-121.4238,285.79,57,75,5.66,US,1678237868
343,codrington,-38.2667,141.9667,286.62,63,90,6.96,AU,1678238035
344,hualmay,-11.0964,-77.6139,297.14,75,73,2.82,PE,1678238036
345,kulhudhuffushi,6.6221,73.07,300.57,75,2,6.94,MV,1678238036
346,lebyazhye,55.2689,66.4947,262.58,93,70,5.92,RU,1678238037
347,zemio,5.0314,25.1361,300.86,47,100,2.01,CF,1678238037
348,nantucket,41.2835,-70.0995,274.21,74,100,11.32,US,1678237945
349,arinos,-15.9169,-46.1056,294.51,94,100,1.05,BR,1678238038
350,newport,51.5877,-2.9984,276.91,83,100,5.61,GB,1678237817
351,george,-33.963,22.4617,289.9,100,75,3.6,ZA,1678238038
352,magnor,59.9511,12.1996,264.0,92,43,2.48,SE,1678238039
353,buin,-33.7333,-70.75,297.83,55,100,2.08,CL,1678238039
354,guaira,-20.3183,-48.3106,294.29,92,54,2.37,BR,1678238040
355,lavumisa,-27.31,31.892,293.98,89,69,0.29,SZ,1678238040
356,upington,-28.4478,21.2561,289.17,34,0,4.56,ZA,1678238040
357,palora,-1.7,-77.9333,292.73,96,64,0.62,EC,1678238041
358,sri aman,1.2376,111.4621,299.15,89,83,0.46,MY,1678238041
359,mattawa,46.7379,-119.9028,282.15,54,75,2.14,US,1678238042
360,gimbi,9.1667,35.8333,292.34,45,93,1.57,ET,1678238042
361,asyut,27.181,31.1837,286.88,50,0,3.27,EG,1678238043
362,wajima,37.4,136.9,286.6,59,0,9.18,JP,1678238043
363,kloulklubed,7.0419,134.2556,301.43,78,15,4.49,PW,1678238044
364,rocha,-34.4833,-54.3333,294.04,96,100,1.52,UY,1678237826
365,verkhoyansk,67.5447,133.385,244.38,98,100,1.33,RU,1678238044
366,antalaha,-14.9003,50.2788,297.14,85,89,2.22,MG,1678238045
367,ixtapa,20.7,-105.2,296.61,73,0,4.12,MX,1678238046
368,tual,-5.6667,132.75,301.14,79,100,6.71,ID,1678238047
369,verkhnevilyuysk,63.4453,120.3167,249.84,91,99,3.28,RU,1678238047
370,port lincoln,-34.7333,135.8667,290.7,63,96,7.8,AU,1678238048
371,khorinsk,52.1657,109.7726,267.3,87,69,3.4,RU,1678238049
372,ambon,-3.6954,128.1814,303.23,74,40,1.54,ID,1678238049
373,kismayo,-0.3582,42.5454,298.26,87,22,6.11,SO,1678238050
374,san jose,37.3394,-121.895,285.64,55,0,5.14,US,1678238050
375,ornskoldsvik,63.2909,18.7153,264.68,100,100,4.12,SE,1678238051
376,acari,-15.4311,-74.6158,297.86,82,100,1.71,PE,1678238051
377,sisimiut,66.9395,-53.6735,268.36,69,35,3.06,GL,1678238052
378,amahai,-3.3333,128.9167,302.68,62,55,0.88,ID,1678238052
379,charters towers,-20.1,146.2667,301.94,62,100,6.55,AU,1678238053
380,belousovka,50.1339,82.5239,280.38,70,75,8.0,KZ,1678238053
381,saskylakh,71.9167,114.0833,246.69,95,99,3.45,RU,1678238054
382,aklavik,68.2191,-135.0107,254.38,88,16,8.61,CA,1678238054
383,bosobolo,4.1833,19.9,298.78,61,87,1.33,CD,1678238054
384,chipata,-13.6333,32.65,290.71,98,73,2.18,ZM,1678238055
385,pangkalanbuun,-2.6833,111.6167,300.06,79,20,0.86,ID,1678238056
386,yarada,17.65,83.2667,295.33,100,92,1.03,IN,1678238056
387,jega,12.2175,4.3792,303.71,25,93,1.86,NG,1678238057
388,debica,50.0515,21.4114,278.18,80,100,4.46,PL,1678238057
389,ortakoy,38.7373,34.0387,273.29,64,100,1.39,TR,1678238058
390,paita,-5.0892,-81.1144,297.7,87,100,3.92,PE,1678238058
391,mount isa,-20.7333,139.5,293.02,100,100,9.77,AU,1678238059
392,pflugerville,30.4394,-97.62,298.53,77,100,2.57,US,1678237761
393,aiquile,-18.2041,-65.1807,287.53,94,100,2.83,BO,1678237875
394,dawei,14.0833,98.2,297.98,52,5,1.4,MM,1678238060
395,sioux lookout,50.1001,-91.917,261.95,93,100,2.31,CA,1678238060
396,nizwa,22.9333,57.5333,292.85,53,0,1.97,OM,1678238061
397,labuhan,-6.8844,112.2051,299.83,80,61,1.75,ID,1678238061
398,lieksa,63.3167,30.0167,249.17,100,100,1.15,FI,1678238062
399,mayo,38.8876,-76.5119,281.45,30,0,7.72,US,1678238062
400,taoudenni,22.6783,-3.9836,298.9,11,0,2.95,ML,1678238063
401,beyneu,45.3167,55.2,272.97,79,5,2.3,KZ,1678238063
402,nekhayevskiy,50.4106,41.7561,274.79,99,100,3.6,RU,1678238064
403,srinagar,34.0833,74.8167,278.66,47,0,1.46,IN,1678238064
404,hailar,49.2,119.7,261.97,92,100,3.89,CN,1678238065
405,la ronge,55.1001,-105.2842,257.61,93,98,3.26,CA,1678238066
406,mineiros,-17.5694,-52.5511,293.97,91,71,0.58,BR,1678238066
407,clarksburg,39.2807,-80.3445,278.4,31,0,4.12,US,1678238066
408,high level,58.5169,-117.136,260.08,93,98,1.47,CA,1678238067
409,saurimo,-9.6608,20.3916,290.84,96,100,2.25,AO,1678238068
410,beloha,-25.1667,45.05,295.51,97,100,4.65,MG,1678238068
411,kamien pomorski,53.9685,14.7726,272.35,61,6,10.96,PL,1678238069
412,aranos,-24.1333,19.1167,291.95,14,37,1.78,,1678238069
413,energeticheskiy,43.4278,77.0222,277.46,65,75,2.0,KZ,1678238070
414,khandyga,62.6667,135.6,254.89,92,75,1.27,RU,1678238070
415,marabba,12.35,32.1833,303.64,18,100,6.92,SD,1678238071
416,homer,59.6425,-151.5483,276.09,65,0,1.54,US,1678238071
417,lamar,33.6668,-95.5836,295.02,94,0,3.09,US,1678237913
418,setermoen,68.861,18.3486,253.21,84,15,3.7,NO,1678238072
419,port augusta,-32.5,137.7667,295.83,44,22,5.4,AU,1678238073
420,sibolga,1.7427,98.7792,299.0,84,22,0.65,ID,1678238073
421,jobat,22.4167,74.5667,294.03,43,0,2.21,IN,1678238073
422,broken hill,-31.95,141.4333,293.63,38,0,4.73,AU,1678238074
423,churachandpur,24.3333,93.6667,286.82,40,100,0.52,IN,1678238074
424,bulawayo,-20.15,28.5833,288.01,78,0,3.58,ZW,1678237994
425,maputo,-25.9653,32.5892,296.05,88,20,2.57,MZ,1678238075
426,northam,51.0333,-4.2167,276.27,90,100,8.06,GB,1678238076
427,worms,49.6356,8.3597,279.26,65,100,4.8,DE,1678238076
428,lac du bonnet,50.2536,-96.0612,263.03,86,100,2.16,CA,1678238076
429,quatre cocos,-20.2078,57.7625,297.09,82,71,6.23,MU,1678238077
430,loukhi,66.0764,33.0381,255.39,100,100,1.65,RU,1678238077
431,durban,-29.8579,31.0292,295.94,92,8,0.45,ZA,1678238078
432,gorodishche,48.8045,44.4744,277.64,75,75,7.0,RU,1678238078
433,lasa,46.6166,10.7002,274.46,92,39,1.72,IT,1678238079
434,bunia,1.5667,30.25,295.06,45,100,1.02,CD,1678238079
435,banikoara,11.2985,2.4386,303.74,12,100,1.48,BJ,1678238079
436,areosa,41.7178,-8.8571,287.17,97,99,7.5,PT,1678238080
437,nizhnyaya omka,55.4338,74.9426,268.23,93,100,6.81,RU,1678238080
438,nishihara,26.1842,127.7558,293.96,70,75,5.14,JP,1678238081
439,corowa,-36.0333,146.3833,289.49,78,100,4.95,AU,1678238081
440,kasongo,-4.45,26.6667,292.61,98,57,0.56,CD,1678238082
441,berdigestyakh,62.0989,126.6992,249.77,100,100,1.72,RU,1678238082
442,sao filipe,14.8961,-24.4956,296.4,75,0,2.97,CV,1678238082
443,zheleznodorozhnyy,55.7503,38.0042,265.02,100,100,0.91,RU,1678238083
444,uyuni,-20.4597,-66.825,290.13,29,100,3.41,BO,1678238083
445,kyabe,9.4515,18.9449,303.41,14,98,0.67,TD,1678238084
446,canutama,-6.5339,-64.3831,296.35,93,100,0.58,BR,1678238084
447,boiro,42.65,-8.9,288.36,90,100,8.64,ES,1678238085
448,copiapo,-27.3667,-70.3333,291.98,70,0,1.91,CL,1678238001
449,arcata,40.8665,-124.0828,280.19,94,90,3.57,US,1678238085
450,rosetta,31.4044,30.4164,286.51,66,3,1.03,EG,1678238086
451,severnyy,50.677,36.5532,274.17,93,100,2.0,RU,1678238086
452,khani,41.9563,42.9566,277.91,73,100,2.45,GE,1678238087
453,thinadhoo,0.5333,72.9333,301.48,71,16,5.53,MV,1678238087
454,hasaki,35.7333,140.8333,288.37,58,0,5.65,JP,1678238087
455,dunedin,-45.8742,170.5036,298.19,43,100,2.3,NZ,1678238088
456,clinton,42.587,-82.9199,275.94,58,20,5.14,US,1678238025
457,nsoko,-27.0333,31.95,293.05,92,35,0.75,SZ,1678238088
458,arman,59.7,150.1667,257.2,83,31,1.87,RU,1678238089
459,cidreira,-30.1811,-50.2056,296.25,89,8,1.51,BR,1678238089
460,smithers,54.7804,-127.1743,266.49,85,100,0.85,CA,1678238090
461,kodinsk,58.6881,99.1844,265.52,97,100,1.85,RU,1678238090
462,mao,39.8885,4.2658,285.46,87,0,2.06,ES,1678238091
463,dakar,14.6937,-17.4441,299.64,68,78,7.81,SN,1678238091
464,sumbe,-11.2061,13.8437,297.21,87,100,2.82,AO,1678238092
465,morropon,-5.1822,-79.9689,297.43,91,100,0.35,PE,1678238092
466,georgetown,5.4112,100.3354,300.11,65,20,1.54,MY,1678238063
467,ritchie,-29.038,24.6028,292.03,75,5,4.63,ZA,1678238093
468,garowe,8.4054,48.4845,292.49,91,6,4.34,SO,1678238093
469,ringkobing,56.0901,8.244,273.8,49,15,5.83,DK,1678238094
470,puerto madero,14.7208,-92.4215,300.26,100,75,0.0,MX,1678238094
471,tura,25.5198,90.2201,292.83,22,100,0.88,IN,1678238094
472,ancud,-41.8697,-73.8203,285.55,78,100,1.4,CL,1678238095
473,concarneau,47.875,-3.9225,285.59,96,100,10.59,FR,1678238095
474,tucumcari,35.1717,-103.725,289.79,51,100,6.74,US,1678238096
475,kayerkan,69.3497,87.7602,240.66,74,100,2.45,RU,1678238096
476,colesberg,-30.72,25.0972,291.06,72,0,6.88,ZA,1678238097
477,betioky,-23.7167,44.3833,295.15,83,100,3.46,MG,1678238097
478,polyarnyy,69.1989,33.4478,254.1,100,94,3.24,RU,1678238098
479,griffith,41.5284,-87.4237,276.54,76,0,6.17,US,1678238098
480,toowoomba,-27.55,151.9667,297.73,68,100,2.24,AU,1678238099
481,agadir,30.4202,-9.5982,289.4,87,6,3.05,MA,1678238099
482,todos santos,23.45,-110.2167,299.84,77,100,3.64,MX,1678238099
483,kaohsiung,22.6163,120.3133,296.5,57,0,2.57,TW,1678238100
484,middle island,40.8843,-72.9373,275.84,59,40,11.32,US,1678238100
485,huicheng,23.0385,116.2899,292.81,67,5,1.41,CN,1678238101
486,gushikawa,26.3544,127.8686,293.92,66,75,5.14,JP,1678238104
487,grimshaw,56.1834,-117.6027,263.0,92,100,3.83,CA,1678238105
488,orel-izumrud,43.4583,39.9244,281.16,61,100,6.0,RU,1678238105
489,leh,34.1667,77.5833,255.29,67,17,1.35,IN,1678238106
490,revelstoke,50.9832,-118.2023,274.31,86,53,0.63,CA,1678238106
491,yemelyanovo,56.1681,92.6767,266.6,79,0,2.0,RU,1678238107
492,isangel,-19.55,169.2667,303.21,66,40,2.57,VU,1678238107
493,mayskiy,47.6931,40.1025,279.82,84,100,4.58,RU,1678238108
494,marsaxlokk,35.8419,14.5431,285.42,87,20,4.12,MT,1678238108
495,westerland,54.9079,8.3033,274.16,75,100,4.12,DE,1678238109
496,dunda,-8.1167,34.25,290.56,93,100,1.53,TZ,1678238110
497,wattegama,6.7989,81.4808,295.85,88,46,2.27,LK,1678238110
498,novo aripuana,-5.1206,-60.3797,296.28,98,100,0.8,BR,1678238111
499,north bend,43.4065,-124.2243,279.74,89,100,4.12,US,1678238111
500,elsterwerda,51.45,13.5333,276.09,98,100,3.73,DE,1678238112
501,huzhou,30.8703,120.0933,291.49,48,100,1.75,CN,1678238112
502,bilibino,68.0546,166.4372,252.67,74,99,1.2,RU,1678238113
503,hami,42.8,93.45,280.38,35,1,1.12,CN,1678238113
504,kaeo,-35.1,173.7833,296.74,48,0,3.44,NZ,1678238114
505,marsabit,2.3284,37.9899,293.49,52,100,5.76,KE,1678238114
506,grand gaube,-20.0064,57.6608,297.25,90,58,1.34,MU,1678238114
507,jacqueville,5.2052,-4.4146,300.1,88,46,5.05,CI,1678237882
508,susangerd,31.5608,48.1831,294.51,60,100,1.57,IR,1678238115
509,general roca,-39.0333,-67.5833,296.27,33,39,3.39,AR,1678238116
510,zalari,53.5584,102.5065,263.28,92,49,1.99,RU,1678238116
511,nha trang,12.25,109.1833,296.15,71,42,2.91,VN,1678238117
512,barcelos,41.5388,-8.6151,288.23,97,100,4.9,PT,1678238117
513,tuatapere,-46.1333,167.6833,296.73,41,0,1.8,NZ,1678238118
514,porto novo,6.4965,2.6036,299.94,82,100,3.52,BJ,1678238118
515,lorengau,-2.0226,147.2712,300.64,78,100,1.96,PG,1678238119
516,riyadh,24.6877,46.7219,294.23,18,86,4.76,SA,1678238120
517,am timan,11.0297,20.2827,302.7,14,86,2.74,TD,1678238120
518,tutoia,-2.7619,-42.2744,300.26,81,14,6.03,BR,1678238121
519,ust-nera,64.5667,143.2,249.66,94,97,1.8,RU,1678238121
520,calbuco,-41.768,-73.1273,285.71,81,100,4.24,CL,1678237883
521,honiara,-9.4333,159.95,302.51,72,100,1.14,SB,1678238122
522,san patricio,28.017,-97.5169,298.25,83,0,6.08,US,1678238122
523,sechura,-5.5569,-80.8222,298.12,84,93,5.12,PE,1678238123
524,qurayyat,31.3318,37.3428,286.7,35,38,0.84,SA,1678238123
525,henties bay,-22.116,14.2845,289.62,87,3,2.94,,1678238124
526,coquimbo,-29.9533,-71.3436,291.0,88,20,3.09,CL,1678237940
527,dubrovka,53.6907,33.5071,264.26,95,100,3.76,RU,1678238124
528,kaduqli,11.0167,29.7167,301.41,26,51,3.72,SD,1678238125
529,oranjestad,12.524,-70.027,299.12,78,20,6.17,AW,1678237885
530,harnai,30.1005,67.9374,290.99,31,0,1.17,PK,1678238126
531,akdepe,42.0551,59.3788,281.1,67,100,4.78,TM,1678238126
532,lesnikovo,55.2822,65.3175,263.76,91,8,4.99,RU,1678238127
533,klamath falls,42.2249,-121.7817,273.07,84,100,3.6,US,1678237883
534,kuusamo,65.9667,29.1833,256.17,92,75,2.57,FI,1678238127
535,necochea,-38.5473,-58.7368,291.99,91,94,4.6,AR,1678238128
536,nianzishan,47.5167,122.8833,271.88,59,30,1.65,CN,1678238128
537,santa isabel do rio negro,-0.4139,-65.0192,296.92,98,100,0.73,BR,1678237879
538,ust-kan,50.9276,84.761,275.61,96,100,4.17,RU,1678238129
539,bam,29.106,58.357,293.18,26,12,4.11,IR,1678238130
540,tumbotino,55.9993,43.0236,266.07,98,97,1.62,RU,1678238130
541,luena,-11.7833,19.9167,290.19,98,100,1.38,AO,1678238130
542,berlevag,70.8578,29.0864,265.15,92,100,10.8,NO,1678238131
543,neryungri,56.6709,124.6491,254.61,93,91,2.42,RU,1678238132
544,plouzane,48.3833,-4.6167,285.25,94,100,10.29,FR,1678238132
545,eureka,40.8021,-124.1637,280.19,93,77,0.89,US,1678238016
546,marshall,34.3834,-86.3333,293.01,32,0,2.06,US,1678238115
547,sananduva,-27.9497,-51.8067,291.75,93,33,1.64,BR,1678238133
548,carauari,-4.8828,-66.8958,296.31,95,96,0.87,BR,1678238133
549,boke,10.9409,-14.2967,294.84,77,100,1.01,GN,1678238134
550,bac lieu,9.285,105.7244,298.82,70,64,6.26,VN,1678238134
551,khasan,42.4308,130.6434,278.8,58,100,7.04,RU,1678238135
552,kannangad,12.3081,75.1063,296.35,49,7,2.7,IN,1678238136
553,petranka,48.9025,24.3035,274.06,82,100,2.14,UA,1678238136
554,alofi,-19.0595,-169.9187,297.91,92,100,3.63,NU,1678238137
555,moerai,-22.4333,-151.3333,301.1,81,100,7.19,PF,1678238137
556,bharatpur,27.2167,77.4833,291.25,32,5,0.93,IN,1678238138
557,coihaique,-45.5752,-72.0662,283.49,81,0,1.03,CL,1678238138
558,skiathos,39.1623,23.4909,284.24,74,9,4.34,GR,1678238139
559,karla,59.3723,24.9275,269.99,87,100,7.72,EE,1678238139
